EVIDENCE_TYPE,EVIDENCE_COUNT,AVG_ANOMALY_SCORE,AVG_CORRELATION_CONFIDENCE
ADSB,28,0.50585714285714289,0.6875
THERMAL,23,0.60382608695652173,0.66826086956521735
EMF,22,0.54868181818181816,0.66954545454545455
BAROMETRIC,18,0.44283333333333336,0.65111111111111108
MESHTASTIC,9,0.60155555555555551,0.66888888888888887
